{
  "libs/xlsx.full.min.js": 1724319585940,
  "manifest.json": 1724838005675,
  "i18n/i18n.properties": 1724307710652,
  "controller/View1.controller.js": 1724332185757,
  "controller/App.controller.js": 1724307667764,
  "model/models.js": 1724307667760,
  "Component.js": 1724307667756,
  "model/models-dbg.js": 1724307667760,
  "model/models.js.map": 1724838005947,
  "controller/View1-dbg.controller.js": 1724332185757,
  "controller/View1.controller.js.map": 1724838006001,
  "controller/App-dbg.controller.js": 1724307667764,
  "controller/App.controller.js.map": 1724838005947,
  "libs/xlsx.full.min-dbg.js": 1724319585940,
  "libs/xlsx.full.min.js.map": 1724838007832,
  "Component-dbg.js": 1724307667756,
  "Component.js.map": 1724838005952,
  "Component-preload.js": 1724838008696,
  "Component-preload.js.map": 1724838008699,
  "view/View1.view.xml": 1724320786544,
  "view/App.view.xml": 1724307667768,
  "css/style.css": 1724307667764,
  "index.html": 1724326828157
}